Categoria,Count,Media,Mediana,Max,Min
Otro,3,0.008454308402645013,0.009207204088891086,0.009493634111546356,0.006662087007497597
Pobreza_Desarrollo,32,0.006149101925952957,0.006346719545945123,0.011872080637512106,0.0
Violencia_Historica,4,0.004704031091734562,0.0042213443470892065,0.0066173337946253685,0.0037561018781344657
Demografico,1,0.0030590518652484633,0.0030590518652484633,0.0030590518652484633,0.0030590518652484633
Geografico,4,0.003016878717338134,0.0021924916289746132,0.007682531611403309,0.0
Economico_Fiscal,5,0.00031026991313329864,0.0,0.0010640642190067329,0.0
Educacion,3,0.00019424436015732147,0.0,0.0005827330804719644,0.0
Cultivos_Ilicitos,2,5.037373958838298e-05,5.037373958838298e-05,0.00010074747917676596,0.0
