cluster,auprc,auroc,f1,balanced_acc,iacv_r1_mean,IPM_2005,discapital,prevalence
0.0,0.6131289629875396,0.7429556250724134,0.3343456016813681,0.5745828988529719,2.3371103477887507,84.36020722627737,136.78232668248177,0.24220305242203052
1.0,0.5242150511629211,0.7302379172894868,0.2490144135884046,0.5637211723254324,1.044185900817726,72.55506127802691,61.275367374439455,0.1675499388503873
2.0,0.6315119698858789,0.7387421528096769,0.4092240047744114,0.5662136987699689,1.6024450899330793,49.90337186495177,58.264695759163985,0.2741888336743642
